title	year	discipline_names	url
Round Table VII: Computational Science	1997	['Music']	www.jstor.org/stable/10.2307/932800
The Computational Study of a Musical Culture through Its Digital Traces	2017	['Music']	www.jstor.org/stable/10.2307/26350040
Also Innovators: How one computer salesman contributed to the digital revolution	2019	['History']	www.jstor.org/stable/10.2307/j.ctvh4zjc0
Computer	2003	['Language & Literature']	www.jstor.org/stable/10.2307/44337885
Non-Invasive Detection of a “Cut and Shut” Ancient Coin Forgery Using Micro-Computed Tomography	2021	['Art & Art History', 'Classical Studies', 'Archaeology']	www.jstor.org/stable/10.2307/27113076
COMPUTABILITY THEORY AND ONTOLOGICAL EMERGENCE	2011	['Philosophy']	www.jstor.org/stable/10.2307/23025074
ANCIENT MAYA AGRICULTURAL TERRACING IN THE UPPER BELIZE RIVER AREA: Computer-aided modeling and the results of initial field investigations	1994	['Archaeology']	www.jstor.org/stable/10.2307/26307188
COMPUTER CONSCIOUSNESS? SOME REFLECTIONS ON CURRENT DEBATES	2019	['Language & Literature']	www.jstor.org/stable/10.2307/26941461
Book Review : Computers, Visualization, and History: How New Technology Will Transform Our Understanding of the Past. 2nd ed.	2018	['History', 'Religion']	www.jstor.org/stable/10.2307/26554551
Moving from Mimeograph to Computer	1998	['History', 'Religion']	www.jstor.org/stable/10.2307/42611960
"Book Review :          New Media and the Humanities: Research and Applications. Proceedings of the First Seminar ""Computers, Literature and Philology,"" Edinburgh, 7-9 September 1998                    Jonathan           Usher                             Domenico           Fiormonte"	2002	['Language & Literature']	www.jstor.org/stable/10.2307/24009829
Book Review : Measured Words: Computation and Writing in Renaissance Italy	2019	['Language & Literature']	www.jstor.org/stable/10.2307/26923342
"How to make it more efficient. A proposal to computerize the ""Dizionario"""	2011	['Language & Literature', 'Classical Studies']	www.jstor.org/stable/10.2307/24308758
The computer & the poet	2000	['Language & Literature']	www.jstor.org/stable/10.2307/41958133
PORTFOLIOS I: COMPUTER PHOTOMONTAGE	1994	['Art & Art History']	www.jstor.org/stable/10.2307/24472485
The Analytical Engine: Computer Simulation and Archaeological Research	1991	['Archaeology']	www.jstor.org/stable/10.2307/20170216
Computers and the Classics: The Third Phase	1995	['Classical Studies']	www.jstor.org/stable/10.2307/20163591
COMPUTERIZATION IN RESEARCH IN THE VISUAL ARTS	1991	['Art & Art History', 'Museum Studies']	www.jstor.org/stable/10.2307/27948303
THE CUTTING EDGE: NEW AUCTION SOURCES AND COMPUTER PROJECTS	1990	['Art & Art History', 'Museum Studies']	www.jstor.org/stable/10.2307/27948269
A Selected Chronology of Computer Art: Exhibitions, Publications, and Technology	1990	['Art & Art History']	www.jstor.org/stable/10.2307/777121
Ars Combinatoria: Mystical Systems, Procedural Art, and the Computer	1997	['Art & Art History']	www.jstor.org/stable/10.2307/777833
Computer Art as Conceptual Art	1990	['Art & Art History']	www.jstor.org/stable/10.2307/777116
Computers and Art: Issues of Content	1990	['Art & Art History']	www.jstor.org/stable/10.2307/777112
Signal to Noise: A Computer-Based Artist's Book	1990	['Art & Art History']	www.jstor.org/stable/10.2307/777120
The Digital Revolution: Art in the Computer Age	1990	['Art & Art History']	www.jstor.org/stable/10.2307/777115
The Personal is Computable	2019	['Art & Art History']	www.jstor.org/stable/10.2307/27217415
FACES: Faces, Art, and Computerized Evaluation Systems — A Feasibility Study of the Application of Face Recognition Technology to Works of Portrait Art	2017	['Art & Art History']	www.jstor.org/stable/10.2307/44972787
"Man as Machine: A Review of ""Memory and the Computational Brain: Why Cognitive Science Will Transform Neuroscience"" By C. R. Gallistel And A. P. King"	2010	['Philosophy']	www.jstor.org/stable/10.2307/41806290
BEYOND THE MASTER LETTERS: A COMPUTERIZED WORD CONTENT ANALYSIS OF EMILY DICKINSON CORRESPONDENCE WITH SAMUEL BOWLES AND SUSAN GILBERT	2000	['Language & Literature', 'History']	www.jstor.org/stable/10.2307/23540280
A Place Elsewhere: Reading in the Age of the Computer	1996	['History', 'Language & Literature']	www.jstor.org/stable/10.2307/3824383
Jigsaw Puzzles, Paper Doll Chains... and Computers : Material Reconstruction of the Dead Sea Scrolls	2017	['History', 'Language & Literature']	www.jstor.org/stable/10.2307/26407093
Archaeology and Computer Applications	2015	['Archaeology']	www.jstor.org/stable/10.2307/jj.15135883.8
CAA2014: 21st Century Archaeology: Concepts, methods and tools. Proceedings of the 42nd Annual Conference on Computer Applications and Quantitative Methods in Archaeology	2015	['Archaeology']	www.jstor.org/stable/10.2307/jj.15135883
Computers and Mathematics in Archaeology, Anatomy of an Ineluctable Success!	2015	['Archaeology']	www.jstor.org/stable/10.2307/jj.15135883.4
Towards a History of Archaeological Computing	2015	['Archaeology']	www.jstor.org/stable/10.2307/jj.15135883.5
3-Dimensional Archaeological Excavation of Burials Utilizing Computed Tomography Imaging	2016	['Archaeology']	www.jstor.org/stable/10.2307/jj.15135955.22
CAA2015. Keep The Revolution Going: Proceedings of the 43rd Annual Conference on Computer Applications and Quantitative Methods in Archaeology	2016	['Archaeology']	www.jstor.org/stable/10.2307/jj.15135955
Computer Applications for Multisensory Communication on Cultural Heritage	2016	['Archaeology']	www.jstor.org/stable/10.2307/jj.15135955.12
CAA2016: Oceans of Data: Proceedings of the 44th Conference on Computer Applications and Quantitative Methods in Archaeology	2018	['Archaeology']	www.jstor.org/stable/10.2307/jj.15135958
Supercomputing at the Trench Edge	2018	['Archaeology']	www.jstor.org/stable/10.2307/jj.15135958.23
Computational Tractability and Conceptual Coherence: Why Do Computer Scientists Believe That P≠NP?	1993	['Philosophy']	www.jstor.org/stable/10.2307/40231827
Functionalism, Computationalism, and Mental Contents	2004	['Philosophy']	www.jstor.org/stable/10.2307/40232223
Can a Computer Make a Period Style Obsolete?	2006	['Language & Literature']	www.jstor.org/stable/10.2307/40784119
"Life, Love, and Programming: The Culture and Politics of ""WALL-E"" and Pixar Computer Animation"	2014	['Film Studies']	www.jstor.org/stable/10.2307/43653675
Book Review :          The Easter Computus and the Origins of the Christian Era                    A.A.           MOSSHAMMER	2009	['Classical Studies']	www.jstor.org/stable/10.2307/41408150
Book Review :              Literary Computing and Literary Criticism: Theoretical and Practical Essays on Theme and Rhetoric                            Rosanne G.               Potter	1991	['Language & Literature']	www.jstor.org/stable/10.2307/25111884
Book Review :          Approaches to Computer Writing Classrooms: Learning from Practical Experience                    Linda           Myers	1994	['Language & Literature']	www.jstor.org/stable/10.2307/43501286
Book Review :          Computers and Writing: The Cyborg Era                    James A.           Inman	2006	['Language & Literature']	www.jstor.org/stable/10.2307/43501646
Book Review :          Language Minority Students and Computers                    Christian J.           Faltis                             Robert A.           DeVillar	1992	['Language & Literature']	www.jstor.org/stable/10.2307/43501205
Book Review :          Literacy and Computers: The Complications of Teaching and Learning with Technology                    Cynthia L.           Selfe                             Susan           Hilligoss	1996	['Language & Literature']	www.jstor.org/stable/10.2307/43501372
Book Review :          Re-imagining Computers and Composition: Teaching and Research in the Virtual Age                    Gail E.           Hawisher                             Paul           LeBlanc	1993	['Language & Literature']	www.jstor.org/stable/10.2307/43501224
The 1963 Composition Revolution Will Not be Televised, Computed, or Demonstrated by Any Other Means of Technology	2005	['Language & Literature']	www.jstor.org/stable/10.2307/43501607
The Exhaustion of Literature: Novels, Computers, and the Threat of Obsolescence	2002	['Language & Literature']	www.jstor.org/stable/10.2307/1209111
Book Review : Plain Text: The Poetics of Computation	2018	['Language & Literature', 'Cultural Studies']	www.jstor.org/stable/10.2307/26547879
Can Computers Create Meanings? A Cyber/Bio/Semiotic Perspective	2019	['Language & Literature', 'Cultural Studies']	www.jstor.org/stable/10.2307/26852224
The Computational Case against Computational Literary Studies	2019	['Language & Literature', 'Cultural Studies']	www.jstor.org/stable/10.2307/26621899
Wheat in Eden, Computers in Our Day	2000	['Religion']	www.jstor.org/stable/10.2307/24461259
Conceptualismo realista y computabilidad (Realist Conceptualism and Computability)	2005	['Philosophy']	www.jstor.org/stable/10.2307/40104956
Terror and Emancipation: The Disciplinarity and Mythology of Computers	2000	['Cultural Studies', 'Language & Literature']	www.jstor.org/stable/10.2307/1354602
Index of CyberResearch (including computer science, digital practice, mathematical, and technological terms)	2018	['Archaeology', 'History']	www.jstor.org/stable/10.1163/j.ctv4v349g.25
First We Reshape Our Computers, Then Our Computers Reshape Us: The Broader Intellectual Impact of Parallelism	1992	['History', 'Language & Literature']	www.jstor.org/stable/10.2307/20025419
Parallel Computing and Education	1992	['History', 'Language & Literature']	www.jstor.org/stable/10.2307/20025422
Perspectives on Parallel Computing	1992	['History', 'Language & Literature']	www.jstor.org/stable/10.2307/20025417
"Preface to the Issue ""A New Era in Computation"""	1992	['History', 'Language & Literature']	www.jstor.org/stable/10.2307/20025414
Searching for Computer Vision North Stars	2022	['History', 'Language & Literature']	www.jstor.org/stable/10.2307/48662028
The Age of Computing: A Personal Memoir	1992	['History', 'Language & Literature']	www.jstor.org/stable/10.2307/20025423
Using Computational Chemistry to Understand & Discover Chemical Reactions	2014	['History', 'Language & Literature']	www.jstor.org/stable/10.2307/43298016
What Is Massively Parallel Computing, and Why Is It Important?	1992	['History', 'Language & Literature']	www.jstor.org/stable/10.2307/20025415
Computers and Dance: Back to the Future	1998	['Performing Arts']	www.jstor.org/stable/10.2307/1477888
Digital Dance: The Computer Artistry of Paul Kaiser	2000	['Performing Arts']	www.jstor.org/stable/10.2307/1478271
The Joy of Modem: Computer Access to Resources in Dance	1994	['Performing Arts']	www.jstor.org/stable/10.2307/1477730
Computers and the Superfold	2012	['Language & Literature']	www.jstor.org/stable/10.2307/45332013
Guattari and Planetary Computerisation	2016	['Language & Literature']	www.jstor.org/stable/10.2307/45331755
ARE WE (STILL) LIVING IN A COMPUTER SIMULATION? ALTHUSSER AND TURING	2015	['Language & Literature']	www.jstor.org/stable/10.2307/24810260
Culture in the Disk Drive: Computationalism, Memetics, and the Rise of Posthumanism	2001	['Language & Literature']	www.jstor.org/stable/10.2307/1566430
From Inventories to Computations: Open/Closed Class Items and Substantive/Functional Heads	2004	['Philosophy']	www.jstor.org/stable/10.2307/42970849
Residual Dualism in Computational Theories of Mind	1996	['Philosophy']	www.jstor.org/stable/10.2307/42968868
A Troubled Materiality: Masculinism and Computation	1996	['Language & Literature']	www.jstor.org/stable/10.2307/41389422
Book Review :          Computer: A History of the Information Machine                    Martin           Campbell-Kelly                             William           Aspray	1997	['Language & Literature']	www.jstor.org/stable/10.2307/42579782
Book Review :          Interface Art: Computers, Graphics, Language                    Greg           Eiffe	2012	['Language & Literature']	www.jstor.org/stable/10.2307/42579205
COMPUTERS, LITERACY, AND DIRTY CULTURAL WORDS	1991	['Language & Literature']	www.jstor.org/stable/10.2307/42580049
Computers in Education: USING THE E-PRIMER COMPUTER TUTORIAL	1993	['Language & Literature']	www.jstor.org/stable/10.2307/42579657
IS THE COMPUTER A COMMUNIST?	2012	['Language & Literature']	www.jstor.org/stable/10.2307/42579188
IS THE COMPUTER A VALID METAPHOR FOR THE HUMAN MIND?	1991	['Language & Literature']	www.jstor.org/stable/10.2307/42587954
NAMING VIRTUAL SPACE IN COMPUTER-MEDIATED CONVERSATION	1995	['Language & Literature']	www.jstor.org/stable/10.2307/42577640
OUR COMPUTATIONAL CULTURE: FROM DESCARTES TO THE COMPUTER	2014	['Language & Literature']	www.jstor.org/stable/10.2307/24761929
OUR COMPUTATIONAL CULTURE: From Descartes to the Computer	1994	['Language & Literature']	www.jstor.org/stable/10.2307/42577537
Should We Still Distrust Computers? A Reply to Bradbury	1999	['Language & Literature']	www.jstor.org/stable/10.2307/42705767
"THE COMPUTER ""VIRUS"" AS METAPHOR"	1990	['Language & Literature']	www.jstor.org/stable/10.2307/42577199
THE COMPUTER AS SAVIOR AND AS SPY: Simultaneous Metaphors in the News	1991	['Language & Literature']	www.jstor.org/stable/10.2307/42582323
THE COMPUTER “VIRUS” AS METAPHOR	2017	['Language & Literature']	www.jstor.org/stable/10.2307/48617461
THE METAPHOR OF CLOUD COMPUTING	2010	['Language & Literature']	www.jstor.org/stable/10.2307/42579013
TYPE ME HOW YOU FEEL: Quasi-Nonverbal Cues in Computer-Mediated Communication	2003	['Language & Literature']	www.jstor.org/stable/10.2307/42578261
WHY GENERAL SEMANTICISTS SHOULD DISTRUST COMPUTERS	1999	['Language & Literature']	www.jstor.org/stable/10.2307/42579864
ZOMBIE COMPUTERS	2000	['Language & Literature']	www.jstor.org/stable/10.2307/42578028
Book Review :          Shakespeare, Computers, and the Mystery of Authorship                    Hugh           Craig                             Arthur F.           Kinney	2010	['Language & Literature', 'Performing Arts']	www.jstor.org/stable/10.2307/43499555
Book Review :              Scientific Discovery, Computational Explorations of the Creative Processes                            P.               Langley                                         H. A.               Simon                                         G. L.               Bradshaw                                         J. M.               Zytkow	1991	['Philosophy']	www.jstor.org/stable/10.2307/20012329
Cognitive and Computational Complexity: Considerations from Mathematical Problem Solving	2021	['Philosophy']	www.jstor.org/stable/10.2307/45406333
Computational Theories of Conscious Experience: Between a Rock and a Hard Place	2012	['Philosophy']	www.jstor.org/stable/10.2307/41417611
Objective Computation Versus Subjective Computation	2015	['Philosophy']	www.jstor.org/stable/10.2307/24734924
Reasoning about Partial Functions with the Aid of a Computer	1995	['Philosophy']	www.jstor.org/stable/10.2307/20012659
The Computable Testability of Theories Making Uncomputable Predictions	1995	['Philosophy']	www.jstor.org/stable/10.2307/20012640
The Computational Account of Belief	1994	['Philosophy']	www.jstor.org/stable/10.2307/20012535
Book Review : Computers, Ethics, and Society.	1998	['Philosophy']	www.jstor.org/stable/10.2307/2381940
Welty Stories Now on Computer Disk	1993	['Language & Literature']	www.jstor.org/stable/10.2307/43952603
Computer Chess	2013	['Film Studies']	www.jstor.org/stable/10.2307/43459990
"Tarzan vs. IBM: Humans and Computers in Jean-Luc Godard's ""Alphaville"""	2008	['Film Studies']	www.jstor.org/stable/10.2307/24777369
Book Review : The Body in Flannery O’Connor’s Fiction: Computational Technique and Linguistic Voice	2008	['Language & Literature']	www.jstor.org/stable/10.2307/26671146
The Turkey Maiden Educational Computer Game	2008	['Folklore']	www.jstor.org/stable/10.2307/40646450
Wildmen on the Cyberfrontier: The Computer Geek as an Iteration in the American Wildman Lore Cycle	2010	['Folklore']	www.jstor.org/stable/10.2307/29534108
Book Review :          Computer-Mediated Communication: Human Relationships in a Computerized World; Studies in Rhetoric and Communication                    James W.           Chesebro                             Donald G.           Bonsall                             McKerrow                             Clark                             Zarefsky	1990	['Language & Literature']	www.jstor.org/stable/10.2307/43518731
Book Review :          Computers, Cognition, and Writing Instruction                    Maijorie           Montague	1991	['Language & Literature']	www.jstor.org/stable/10.2307/43518700
Book Review :          Critical Perspectives on Computers and Composition Instruction                    Gail E.           Hawisher                             Cynthia L.           Selfe	1990	['Language & Literature']	www.jstor.org/stable/10.2307/43518759
Book Review :          Evolving Perspectives on Computers and Composition Studies: Questions for the 1990s                    Gail E.           Hawisher                             Cynthia L.           Selfe	1991	['Language & Literature']	www.jstor.org/stable/10.2307/43518462
Maps, Molecules, Computers, and Chaos	1994	['Language & Literature']	www.jstor.org/stable/10.2307/25007800
Book Review :              Computers, Minds, and Robots                            William S.               Robinson	1992	['Language & Literature']	www.jstor.org/stable/10.2307/27559608
Some Support from Computational Stylistics	2010	['Classical Studies']	www.jstor.org/stable/10.2307/42950994
Book Review :          Adventures in Fugawiland! A Computer Simulation in Archaeology                    Doug           Price                             Gitte           Gebauer	1991	['Archaeology']	www.jstor.org/stable/10.2307/25616066
CELEBRATING IRELAND’S COMPUTER SCIENCE PIONEERS	2023	['History']	www.jstor.org/stable/10.2307/27198559
KAY McNULTY, PIONEERING COMPUTER PROGRAMMER	2023	['History']	www.jstor.org/stable/10.2307/27390128
Book Review : Computers, Visualization, and History: How New Technology Will Transform Our Understanding of the Past	2004	['Museum Studies', 'History']	www.jstor.org/stable/10.2307/42653988
CHIN: A Computerized Information Resource for Canadian Museums	1991	['Museum Studies', 'History']	www.jstor.org/stable/10.2307/42655862
CIMI — Computer Interchange of Museum Information	1991	['Museum Studies', 'History']	www.jstor.org/stable/10.2307/42655863
Computerizing Your Collections Records	2001	['Museum Studies', 'History']	www.jstor.org/stable/10.2307/42655554
Cultural Organizations and the 21st Century Computer Age	1996	['Museum Studies', 'History']	www.jstor.org/stable/10.2307/42653612
Thomistic Axiomatics in an Age of Computers	1999	['Philosophy', 'History']	www.jstor.org/stable/10.2307/27744821
"""DE COMPONENDO HEXAMETRO ET PENTAMETRO"": A DEVICE FOR COMPUTING SYLLABLES INVENTED AND PUBLISHED IN 1485 BY PACIFICO MASSIMI (WITH THE EDITION OF THE TEXT)"	2016	['Classical Studies']	www.jstor.org/stable/10.2307/26600592
Information Bodies: Computational Anxiety in Neal Stephenson's <em>Snow Crash</em>	2017	['Language & Literature']	www.jstor.org/stable/10.5325/intelitestud.19.1.0017
George Perle and the Computer: An Uneasy Alliance	1995	['Music']	www.jstor.org/stable/10.2307/24617758
"""Computers in the Wild"": Guilds and Next-Generation Unionism in the Information Revolution"	2003	['History']	www.jstor.org/stable/10.2307/26405541
Book Review :          The New Division of Labor. How Computers Are Creating the Next Job Market                    Frank           Levy                             Richard J.           Murnane	2005	['History']	www.jstor.org/stable/10.2307/44583512
"Letting the ""Computer Boys"" Take Over: Technology and the Politics of Organizational Transformation"	2003	['History']	www.jstor.org/stable/10.2307/26405540
Perpetually Laborious: Computing Electric Power Transmission Before The Electronic Computer	2003	['History']	www.jstor.org/stable/10.2307/26405537
Book Review :          Approaches to Computer Writing Classrooms: Learning from Practical Experience                    Linda           Myers	1995	['Language & Literature']	www.jstor.org/stable/10.2307/20866037
Book Review :          Computers and the Teaching of Writing in American Higher Education, 1979-1994: A History                    Gail E.           Hawisher                             Paul           LeBlanc                             Charles           Moran                             Cynthia L.           Selfe	1999	['Language & Literature']	www.jstor.org/stable/10.2307/20866229
Book Review :          Re-Imagining Computers and Composition: Teaching and Research in the Virtual Age                    Gail           Hawisher                             Paul           LeBlanc	1995	['Language & Literature']	www.jstor.org/stable/10.2307/20866020
The Metaphor of Collage: Beyond Computer Composition	1995	['Language & Literature']	www.jstor.org/stable/10.2307/20866012
"The Political Economy of Computers and Composition: ""Democracy Hope"" in the Era of Globalization"	2001	['Language & Literature']	www.jstor.org/stable/10.2307/20866390
Book Review :          Computerexperimente. Zum Wandel der Wissenschaft im Zeitalter des Computers                    Gabriele           Gramelsberger	2011	['Philosophy']	www.jstor.org/stable/10.2307/41478447
Book Review :          The Harmonie Mind. From Neural Computation to Optimality-Theoretic Grammar                    Paul           Smolensky                             Géraldine           Legendre	2009	['Philosophy']	www.jstor.org/stable/10.2307/40390679
Computable Diagonalizations and Turing's Cardinality Paradox	2014	['Philosophy']	www.jstor.org/stable/10.2307/44113583
Deterministic Chaos and Computational Complexity: The Case of Methodological Complexity Reductions	1999	['Philosophy']	www.jstor.org/stable/10.2307/25171137
Easter and the Calendar: The Mathematics of Determining a Formula for the Easter Festival to Medieval Computing	1991	['Philosophy']	www.jstor.org/stable/10.2307/25170898
Recent Developments in Computing and Philosophy	2011	['Philosophy']	www.jstor.org/stable/10.2307/41478314
What is a Computer Simulation? A Review of a Passionate Debate	2017	['Philosophy']	www.jstor.org/stable/10.2307/44697383
Why Computer Simulation Cannot Be an End of Thought Experimentation	2021	['Philosophy']	www.jstor.org/stable/10.2307/45416497
Book Review :          Creating a Computer-Supported Writing Facility: A Blueprint for Action                    Cynthia L.           Selfe	1990	['Language & Literature']	www.jstor.org/stable/10.2307/20865754
Book Review :          Critical Perspectives on Computers and Composition Instruction                    Gail E.           Hawisher                             Cynthia L.           Selfe	1990	['Language & Literature']	www.jstor.org/stable/10.2307/20865716
Book Review :          The Electronic Text: Learning to Write, Read, and Reason with Computers                    William           Costanzo	1991	['Language & Literature']	www.jstor.org/stable/10.2307/20865786
Book Review :          Word Perfect: Literacy in the Computer Age                    Myron C.           Tuman	1993	['Language & Literature']	www.jstor.org/stable/10.2307/20865941
Book Review :          Writing Space: The Computer, Hypertext, and the History of Writing                    Jay David           Bolter	1992	['Language & Literature']	www.jstor.org/stable/10.2307/20865878
Finding Voice through Computer Communication: A New Venue for Collaboration	1994	['Language & Literature']	www.jstor.org/stable/10.2307/20865956
Comment: Computational Intelligence,               Lmlk               Storage Jars and the               Bath               Unit in Iron Age Judah	2009	['Archaeology']	www.jstor.org/stable/10.2307/25653123
Computational Reproducibility in Archaeological Research: Basic Principles and a Case Study of Their Implementation	2017	['Archaeology']	www.jstor.org/stable/10.2307/26748313
Computing Abilities in Antiquity: The Royal Judahite Storage Jars as a Case-study	2009	['Archaeology']	www.jstor.org/stable/10.2307/25653112
Recent Trends in Computer Applications in Archaeology	1998	['Archaeology']	www.jstor.org/stable/10.2307/41053162
Interpreting Soap Operas and Creating Community: Inside a Computer-Mediated Fan Culture	1993	['Folklore']	www.jstor.org/stable/10.2307/3814314
Assertoric Semantics and the Computational Power of Self-Referential Truth	2012	['Philosophy']	www.jstor.org/stable/10.2307/41427281
Computer Implication and the Curry Paradox	2004	['Philosophy']	www.jstor.org/stable/10.2307/30226827
Computing Strong and Weak Permissions in Defeasible Logic	2013	['Philosophy']	www.jstor.org/stable/10.2307/42001261
Editors' Introduction: The Third Life of Quantum Logic: Quantum Logic Inspired by Quantum Computing	2013	['Philosophy']	www.jstor.org/stable/10.2307/42001166
Logic and Social Cognition: The Facts Matter, and so do Computational Models	2009	['Philosophy']	www.jstor.org/stable/10.2307/20685118
On Qualitative Route Descriptions Representation, Agent Models, and Computational Complexity	2015	['Philosophy']	www.jstor.org/stable/10.2307/24564011
Some Useful 16-Valued Logics: How a Computer Network Should Think	2005	['Philosophy']	www.jstor.org/stable/10.2307/30226835
Steps toward a Computational Metaphysics	2007	['Philosophy']	www.jstor.org/stable/10.2307/30226964
Book Review :              The Age of Spiritual Machines: When Computers Exceed Human Intelligence                            Ray               Kurzweil	1999	['Religion']	www.jstor.org/stable/10.2307/27511410
Book Review :              The Muse in the Machine: Computerizing the Poetry of Human Thought                            David               Gelernter	1994	['Religion']	www.jstor.org/stable/10.2307/27510854
A Computer Simulation to Determine When the Beams in the King's Chamber of the Great Pyramid Cracked	2012	['Archaeology']	www.jstor.org/stable/10.2307/24555438
New Approaches to Working with Old Maps Computer Cartography for the Archaeologist	1994	['Archaeology']	www.jstor.org/stable/10.2307/40000677
Book Review :          The Computers of Star Trek                    Lois           Gresh                             Robert           Weinberg	2001	['Language & Literature', 'Film Studies', 'Performing Arts']	www.jstor.org/stable/10.2307/43308539
Book Review : Phantasmal Spaces: Archetypical Venues in Computer Games	2020	['Language & Literature', 'Film Studies', 'Performing Arts']	www.jstor.org/stable/10.2307/27095889
Computer Fictions: Narratives of the Machinic Phylum	1997	['Language & Literature', 'Film Studies', 'Performing Arts']	www.jstor.org/stable/10.2307/43308313
Informatic Labor in the Age of Computational Capital	2016	['Cultural Studies']	www.jstor.org/stable/10.2307/48671429
Review of <em>Archaeologies of Touch: Interfacing with Haptics from Electricity to Computing</em> by David Parisi (University of Minnesota)	2018	['Cultural Studies']	www.jstor.org/stable/10.2307/48671494
Book Review : The Ordering of Time: From the Ancient Computus to the Modern Computer	1994	['Language & Literature']	www.jstor.org/stable/10.2307/44806586
"""My Mother's Letters"": Simulation by Computer"	1995	['Art & Art History']	www.jstor.org/stable/10.2307/1576070
"""The Singing Shamail"": A Computer Sound Installation"	2007	['Art & Art History']	www.jstor.org/stable/10.2307/20206481
"""The Transgenic Bagel"": The Transformation of Computer-Based Artwork"	1998	['Art & Art History']	www.jstor.org/stable/10.2307/1576658
"""Without a Special Object of Worship"": An Interactive Book-Arts Computer Installation"	1997	['Art & Art History']	www.jstor.org/stable/10.2307/1576369
"""ZENetic Computer"": Exploring Japanese Culture"	2006	['Art & Art History']	www.jstor.org/stable/10.2307/20206218
<strong>Creating Special Visual Effects with Moiré Patterns in Stereoscopic 3d and 4d Computed Tomographic Art</strong>	2010	['Art & Art History']	www.jstor.org/stable/10.2307/40661680
<strong>The Computer-Aided Design and Manufacture of Specific Objects</strong>	2010	['Art & Art History']	www.jstor.org/stable/10.2307/40661615
A Collaborative and Interdisciplinary Computer Animation Course	2002	['Art & Art History']	www.jstor.org/stable/10.2307/1577081
A Course on Cognition and Computation of Design at National Chiao Tung University	1996	['Art & Art History']	www.jstor.org/stable/10.2307/1576326
A Self-Defining Game for One Player: On the Nature of Creativity and the Possibility of Creative Computer Programs	2002	['Art & Art History']	www.jstor.org/stable/10.2307/1577077
A Software Interface between Human and Computer Virtual Players for Music Performance in Concert	2006	['Art & Art History']	www.jstor.org/stable/10.2307/20206295
A Viewpoint on the Computing-Art Dialogue: The Classification of Interactive Digital Artworks	2014	['Art & Art History']	www.jstor.org/stable/10.2307/43834114
A Walk in the Woods: Investigating Ethical Design, Ubiquitous Computing and Social Media	2014	['Art & Art History']	www.jstor.org/stable/10.2307/43832968
Abbott H. Thayer's Anticipation of a Computer-Based Method of Working	2001	['Art & Art History']	www.jstor.org/stable/10.2307/1576975
An Application Framework for Building Evolutionary Computer Systems in Music	2003	['Art & Art History']	www.jstor.org/stable/10.2307/1577283
An Interactive Computer Video Game for the Design Museum: Using Technology to Teach Technology	1991	['Art & Art History']	www.jstor.org/stable/10.2307/1575520
An Overview of Computer Art and Education in Hong Kong	1995	['Art & Art History']	www.jstor.org/stable/10.2307/1576232
Anecdotal Evidence: A Survey of HyperCard Computer Projects	1993	['Art & Art History']	www.jstor.org/stable/10.2307/1576034
Art History and the Criticism of Computer-Generated Images	1994	['Art & Art History']	www.jstor.org/stable/10.2307/1576009
Art Thief: An Educational Computer Game Model for Art Historical Instruction	2009	['Art & Art History']	www.jstor.org/stable/10.2307/20532619
Art as a Living System: Interactive Computer Artworks	1999	['Art & Art History']	www.jstor.org/stable/10.2307/1576782
Artificial Creativity: Enculturing Computers	1995	['Art & Art History']	www.jstor.org/stable/10.2307/1576076
Artwork Using 3D Computed Tomography: Extending Radiology into the Realm of Visual Art	2006	['Art & Art History']	www.jstor.org/stable/10.2307/20206215
Augmented Sculpture: Computer Ghosts of Physical Artifacts	2003	['Art & Art History']	www.jstor.org/stable/10.2307/1577364
Automata: Seeing Cyborg through the Eyes of Popular Culture, Computer-Generated Imagery, and Contemporary Theory	1998	['Art & Art History']	www.jstor.org/stable/10.2307/1576595
Beyond the Interface: A Phenomenological View of Computer Systems Design	1996	['Art & Art History']	www.jstor.org/stable/10.2307/1576250
Body Matters: The Palpability of Invisible Computing	2009	['Art & Art History']	www.jstor.org/stable/10.2307/20532650
Book Review :          <bold>Digital Contagions: A Media Archaeology of Computer Viruses</bold>                    Jussi           Parikka	2010	['Art & Art History']	www.jstor.org/stable/10.2307/40661669
Book Review :          <bold>Racing the Beam: The Atari Video Computer System</bold>                    Nick           Montfort                             Ian           Bogost	2010	['Art & Art History']	www.jstor.org/stable/10.2307/40661637
Book Review :          <bold>Speclab: Digital Aesthetics and Projects in Speculative Computing</bold>                    Johanna           Drucker	2010	['Art & Art History']	www.jstor.org/stable/10.2307/40661678
Book Review :          <bold>White Heat Cold Logic: British Computer Art 1960-1980</bold>                    Paul           Brown                             Charlie           Gere                             Nicholas           Lambert                             Catherine           Mason	2010	['Art & Art History']	www.jstor.org/stable/10.2307/40661633
Book Review :          A Little-Known Story about a Movement, a Magazine, and the Computer's Arrival in Art: New Tendencies and Bit International, 1961-1973                    Margit           Rosen	2012	['Art & Art History']	www.jstor.org/stable/10.2307/41550660
Book Review :          Computer Press: The Review of Foreign Press	1994	['Art & Art History']	www.jstor.org/stable/10.2307/1576116
Book Review :          Computers and Creativity                    Jon           McCormack                             Mark           d'Inverno	2013	['Art & Art History']	www.jstor.org/stable/10.2307/43834094
Book Review :          Computers, Pattern, Chaos and Beauty: Graphics from an Unseen World                    Clifford A.           Pickover	1991	['Art & Art History']	www.jstor.org/stable/10.2307/1575492
Book Review :          Computing: A Concise History                    Paul E.           Ceruzzi	2013	['Art & Art History']	www.jstor.org/stable/10.2307/43834095
Book Review :          DELETE: A DESIGN HISTORY OF COMPUTER VAPOURWARE                    Paul           Atkinson	2016	['Art & Art History']	www.jstor.org/stable/10.2307/43834338
Book Review :          Divining a Digital Future: Mess and Mythology in Ubiquitous Computing                    Paul           Dourish                             Genevieve           Bell	2012	['Art & Art History']	www.jstor.org/stable/10.2307/41690240
Book Review :          Drawing, Drafting, Painting with Computers                    V. V.           Alexandrov                             V. S.           Shneyderov	1994	['Art & Art History']	www.jstor.org/stable/10.2307/1576109
Book Review :          FROM LITERATURE TO BITERATURE: LEM, TURING, DARWIN, AND EXPLORATIONS IN COMPUTER LITERATURE, PHILOSOPHY OF MIND, AND CULTURAL EVOLUTION                    Peter           Swirski	2015	['Art & Art History']	www.jstor.org/stable/10.2307/43835240
Book Review :          Fundamentals of Three-Dimensional Computer Graphics                    Alan           Watt	1990	['Art & Art History']	www.jstor.org/stable/10.2307/1575357
Book Review :          Number-Crunching: Taming Unruly Computational Problems from Mathematical Physics to Science Fiction                    Paul J.           Nahin	2012	['Art & Art History']	www.jstor.org/stable/10.2307/41690237
Book Review :          Systematics as Cyberscience: Computers, Change, and Continuity in Science                    Christine           Hine	2010	['Art & Art History']	www.jstor.org/stable/10.2307/40540102
Book Review :          Text, Context and Hypertext: Writing with and for the Computer                    Edward           Barrett	1991	['Art & Art History']	www.jstor.org/stable/10.2307/1575319
Book Review :          The Cuckoo's Egg: Tracking a Spy through a Maze of Computer Espionage                    Clifford           Stoll	1991	['Art & Art History']	www.jstor.org/stable/10.2307/1575326
Book Review :          The Pleasures of Computer Gaming: Essays on Cultural History, Theory and Aesthetics                    Melanie           Swalwell                             Jason           Wilson	2009	['Art & Art History']	www.jstor.org/stable/10.2307/40540070
Book Review :          The Secret War between Downloading and Uploading: Tales of the Computer as Culture Machine                    Peter           Lunenfeld	2012	['Art & Art History']	www.jstor.org/stable/10.2307/41550763
Book Review :          Tools for Thought: The People and Ideas behind the Next Computer Revolution                    Howard           Rheingold	1991	['Art & Art History']	www.jstor.org/stable/10.2307/1575316
Book Review : PLAIN TEXT: THE POETICS OF COMPUTATION	2018	['Art & Art History']	www.jstor.org/stable/10.2307/26808649
CAD and Creativity: Does the Computer Really Help?	2002	['Art & Art History']	www.jstor.org/stable/10.2307/1577126
COMPUTER ART AND ACTOR-NETWORK THEORY	2018	['Art & Art History']	www.jstor.org/stable/10.2307/26808709
Can a Computer Produce and Critique Art?	2001	['Art & Art History']	www.jstor.org/stable/10.2307/1577169
Caricature Generator: The Dynamic Exaggeration of Faces by Computer	2007	['Art & Art History']	www.jstor.org/stable/10.2307/20206455
Cognition, Perception and the Computer	1990	['Art & Art History']	www.jstor.org/stable/10.2307/1578629
"Comment on ""Art History and the Criticism of Computer-Generated Images"""	1996	['Art & Art History']	www.jstor.org/stable/10.2307/1576292
"Comment on ""Computer Graphics for the Analysis of Perspective in Visual Art: ""Las Meninas"", by Velázquez"""	1993	['Art & Art History']	www.jstor.org/stable/10.2307/1575803
"Comment on ""Spatial-Synesthetic Art through 3-D Projection: The Requirements of a Computer-Based Supermedium"""	1990	['Art & Art History']	www.jstor.org/stable/10.2307/1575369
"Comment on ""Spatial-Synesthetic Art through 3-D Projection: The Requirements of a Computer-Based Supermedium"""	1990	['Art & Art History']	www.jstor.org/stable/10.2307/1575370
"Comment on ""The Computer as the Artist's Alter Ego"""	1990	['Art & Art History']	www.jstor.org/stable/10.2307/1575371
"Comment on ""The Computer: A Composer's Collaborator"""	1990	['Art & Art History']	www.jstor.org/stable/10.2307/1578509
Computational Aesthetics as a Negotiated Boundary	2010	['Art & Art History']	www.jstor.org/stable/10.2307/40540112
Computational Aesthetics: On the Complexity of Computer-Generated Paintings	2012	['Art & Art History']	www.jstor.org/stable/10.2307/41550640
Computer Analysis Reveals Similarities between the Artistic Styles of Van Gogh and Pollock	2012	['Art & Art History']	www.jstor.org/stable/10.2307/41550754
Computer Animation	1995	['Art & Art History']	www.jstor.org/stable/10.2307/1576235
Computer Animation and Digital Videos	2001	['Art & Art History']	www.jstor.org/stable/10.2307/1577243
Computer Animations	1996	['Art & Art History']	www.jstor.org/stable/10.2307/1576409
Computer Animations	1997	['Art & Art History']	www.jstor.org/stable/10.2307/1576502
Computer Animations	1998	['Art & Art History']	www.jstor.org/stable/10.2307/1576609
Computer Animations	1999	['Art & Art History']	www.jstor.org/stable/10.2307/1576829
Computer Animations	2000	['Art & Art History']	www.jstor.org/stable/10.2307/1576885
Computer Creativity in the Automatic Design of Robots	2003	['Art & Art History']	www.jstor.org/stable/10.2307/1577437
Computer Dancemakers	1990	['Art & Art History']	www.jstor.org/stable/10.2307/1575341
Computer Graphic-Aesthetic Experiments between Two Cultures	2007	['Art & Art History']	www.jstor.org/stable/10.2307/20206475
"Computer Graphics for the Analysis of Perspective in Visual Art: ""Las Meninas"", by Velázquez"	1991	['Art & Art History']	www.jstor.org/stable/10.2307/1575661
Computer Graphics in Art-and-Design Education: The Problem of Planning for Change	1991	['Art & Art History']	www.jstor.org/stable/10.2307/1575657
Computer Memoirs of Ray Lauzzana	2019	['Art & Art History']	www.jstor.org/stable/10.2307/26808745
Computer Music Network	2014	['Art & Art History']	www.jstor.org/stable/10.2307/43834187
Computer Scientists with Serious Music Avocations Share Their Thinking	2019	['Art & Art History']	www.jstor.org/stable/10.2307/26808837
Computer Stereographics: The Coalescence of Virtual Space and Artistic Expression	1999	['Art & Art History']	www.jstor.org/stable/10.2307/1576624
Computer Virus Sculptures and the Science That Inspired Them	2014	['Art & Art History']	www.jstor.org/stable/10.2307/43834176
Computer Vision Models to Categorize Art Collections According to Visual Content	2019	['Art & Art History']	www.jstor.org/stable/10.2307/26808777
Computers and Appropriation Art: The Transformation of a Work or Idea for a New Creation	1996	['Art & Art History']	www.jstor.org/stable/10.2307/1576277
Computers and Dance: A Bibliography	1990	['Art & Art History']	www.jstor.org/stable/10.2307/1578471
Computers as a Vehicle for Integrated Creativity	1990	['Art & Art History']	www.jstor.org/stable/10.2307/1575349
Correction: Computer Stereographics: The Coalescence of Virtual Space and Artistic Expression	1999	['Art & Art History']	www.jstor.org/stable/10.2307/1576780
Correction: Waldemar Cordeiro: Computer Art Pioneer	1997	['Art & Art History']	www.jstor.org/stable/10.2307/1576488
Crime Scene: Installation for Two Computers 2003	2016	['Art & Art History']	www.jstor.org/stable/10.2307/24916861
Crisscrossing the Interface: The Design, Display and Evaluation of an Interactive Computer Exhibit	1995	['Art & Art History']	www.jstor.org/stable/10.2307/1576135
Deciphering and Appeasing the Heavens: The History and Fate of an Ancient Greek Computer	2012	['Art & Art History']	www.jstor.org/stable/10.2307/41550641
Discovery through Interaction: A Cognitive Approach to Computer Media in the Visual Arts	1991	['Art & Art History']	www.jstor.org/stable/10.2307/1575573
Divisions of the Plane by Computer: Another Way of Looking at Mondrian's Nonfigurative Compositions	2004	['Art & Art History']	www.jstor.org/stable/10.2307/1577725
Does Lara Croft Wear Fake Polygons? Gender and Gender-Role Subversion in Computer Adventure Games	2001	['Art & Art History']	www.jstor.org/stable/10.2307/1576939
Drawing as a Gateway to Computer-Human Integration	2002	['Art & Art History']	www.jstor.org/stable/10.2307/1577079
Early Digital Computer Art at Bell Telephone Laboratories, Incorporated	2016	['Art & Art History']	www.jstor.org/stable/10.2307/43834323
Early Visions of Interactivity: The In(put)s and Out(put)s of Real-Time Computing	2013	['Art & Art History']	www.jstor.org/stable/10.2307/23468119
Editorial: Aesthetic Computing Manifesto	2003	['Art & Art History']	www.jstor.org/stable/10.2307/1577310
Editorial: Ubiquitous Computing, and Time	2000	['Art & Art History']	www.jstor.org/stable/10.2307/1576751
Endnote: The Next Computer Art	1999	['Art & Art History']	www.jstor.org/stable/10.2307/1576746
Existential Technology: Wearable Computing Is Not the Real Issue!	2003	['Art & Art History']	www.jstor.org/stable/10.2307/1577273
Extended Memory: Early Calculating Engines and Historical Computer Simulations	2006	['Art & Art History']	www.jstor.org/stable/10.2307/20206224
Fifty Years of Composing Computer Music and Graphics: How Time's New Solid-State Tractability Has Changed Audio-Visual Perspectives	1991	['Art & Art History']	www.jstor.org/stable/10.2307/1575668
From Imaginal to Digital: Mental Imagery and the Computer Image Space	2011	['Art & Art History']	www.jstor.org/stable/10.2307/41421767
Games of Pain: Pain as Haptic Stimulation in Computer-Game: Based Media Art	2007	['Art & Art History']	www.jstor.org/stable/10.2307/20206411
Gender and Computer Graphics Imaging: To Err May Be Salvation	2001	['Art & Art History']	www.jstor.org/stable/10.2307/1576974
Hair Salon TV: A Computer-Controlled Video Installation	1991	['Art & Art History']	www.jstor.org/stable/10.2307/1575462
Harnessing the Enactive Knowledge of Musicians to Allow the Real-Time Performance of Correlated Music and Computer Graphics	2009	['Art & Art History']	www.jstor.org/stable/10.2307/20532605
Heidegger and Virtual Reality: The Implications of Heidegger's Thinking for Computer Representations	1994	['Art & Art History']	www.jstor.org/stable/10.2307/1575952
Hybrid Biological-Digital Systems in Artistic and Entertainment Computing	2013	['Art & Art History']	www.jstor.org/stable/10.2307/23468152
Image Generation Survey: Visualizing Time via Computers	1990	['Art & Art History']	www.jstor.org/stable/10.2307/1578630
Infinity and Accident: Strategies of Enfoldment in Islamic Art and Computer Art	2006	['Art & Art History']	www.jstor.org/stable/10.2307/20206148
Internet Artworks, Artists and Computer Programmers: Sharing the Creative Process	2006	['Art & Art History']	www.jstor.org/stable/10.2307/20206149
Kinetic Architectural Skins and the Computational Sublime	2009	['Art & Art History']	www.jstor.org/stable/10.2307/20532591
LIVE BRAIN–COMPUTER CINEMA PERFORMANCE	2018	['Art & Art History']	www.jstor.org/stable/10.2307/26808713
Mastery: Computer Games, Intuitive Interfaces, and Interactive Multimedia	1995	['Art & Art History']	www.jstor.org/stable/10.2307/1576225
Mathematics, Computers and Visual Arts: Some Applications of the Product-Delay Algorithm	2000	['Art & Art History']	www.jstor.org/stable/10.2307/1577045
Musical Agents: Toward Computer-Aided Music Composition Using Autonomous Software Agents	2006	['Art & Art History']	www.jstor.org/stable/10.2307/20206298
My Electronic and Computer-Controlled Sculpture: Robotic Techniques Applied to Kinetic and Interactive Sculpture	1992	['Art & Art History']	www.jstor.org/stable/10.2307/1575621
NUNTIUS: A Computer System for the Interactive Composition and Analysis of Music and Dance	1992	['Art & Art History']	www.jstor.org/stable/10.2307/1575623
O Body Swayed to Music (And Vice Versa): Roles for the Computer in Dance	1997	['Art & Art History']	www.jstor.org/stable/10.2307/1576498
On the Music of Emergent Behavior: What Can Evolutionary Computation Bring to the Musician?	2003	['Art & Art History']	www.jstor.org/stable/10.2307/1577282
Performing in Quantum Space: A Creative Approach to N-Dimensional Computing	2011	['Art & Art History']	www.jstor.org/stable/10.2307/41421781
Perspectives on Aesthetic Computing	2005	['Art & Art History']	www.jstor.org/stable/10.2307/1577793
Planks, Programs and Art: Computer Graphics as a Sculptural Tool	1993	['Art & Art History']	www.jstor.org/stable/10.2307/1575776
Primary Devices: Artists' Strategic Use of Video, Computers and Telecommunications Networks	1991	['Art & Art History']	www.jstor.org/stable/10.2307/1575288
Process(ing) Interactive Art: Using People as Paint, Computer as Brush and Installation Site as Canvas	1991	['Art & Art History']	www.jstor.org/stable/10.2307/1575567
Programmed Graphics in Computer Art and Animation	1995	['Art & Art History']	www.jstor.org/stable/10.2307/1576132
Quantum Computing and Complexity in Art	2019	['Art & Art History']	www.jstor.org/stable/10.2307/26808773
Reactions to Imagery Generated Using Computational Aesthetic Measures	2017	['Art & Art History']	www.jstor.org/stable/10.2307/26808483
Research in Human-Computer-Biosphere Interaction	2015	['Art & Art History']	www.jstor.org/stable/10.2307/43835228
Researching Visual Images with Computer Graphics	1996	['Art & Art History']	www.jstor.org/stable/10.2307/1576275
Resolution of Anamorphic Images using a Computer	2011	['Art & Art History']	www.jstor.org/stable/10.2307/20869428
Russian Conference on Computer Art	1994	['Art & Art History']	www.jstor.org/stable/10.2307/1575953
Safe Computing for the 1990s: A Chiropractor Explains How to Avoid Carpal Tunnel Syndrome and Other Repetitive-Stress Problems	1991	['Art & Art History']	www.jstor.org/stable/10.2307/1575526
Sculpting Sounds with Computers: Music, Science, Technology	1994	['Art & Art History']	www.jstor.org/stable/10.2307/1576064
Sculptor: A Three-Dimensional Computer Sculpting System	1991	['Art & Art History']	www.jstor.org/stable/10.2307/1575512
Seminal Chrono-Schema: An Electro-Kinetic Work for Computer Screen and Printout	1992	['Art & Art History']	www.jstor.org/stable/10.2307/1575634
Some Notes about Soviet Computer Music	1991	['Art & Art History']	www.jstor.org/stable/10.2307/1575656
Spatial-Synesthetic Art through 3-D Projection: The Requirements of a Computer-Based Supermedium	1990	['Art & Art History']	www.jstor.org/stable/10.2307/1578458
Steps toward the Evolution of a New Medium: Computer-Aided Art and Design	1990	['Art & Art History']	www.jstor.org/stable/10.2307/1578605
Storing Art Images in Intelligent Computers	1990	['Art & Art History']	www.jstor.org/stable/10.2307/1578473
Symbolic Pointillism: Computer Art Motivated by Human Brain Structures	2005	['Art & Art History']	www.jstor.org/stable/10.2307/20206080
Systems Perspectivation as a General Basis for Computer Simulations	2019	['Art & Art History']	www.jstor.org/stable/10.2307/26952056
Ten Questions Concerning Generative Computer Art	2014	['Art & Art History']	www.jstor.org/stable/10.2307/43834149
The Art of Computing as Frieder Nake’s Response to the Problem of “Mechanized Mental Labor”	2019	['Art & Art History']	www.jstor.org/stable/10.2307/26952060
The Australian Supercomputer Graphics Exhibition and First International Conchology Conference	1996	['Art & Art History']	www.jstor.org/stable/10.2307/1576356
The Beginnings of Computer Art in the United States: A Memoir	1994	['Art & Art History']	www.jstor.org/stable/10.2307/1575947
The Computational Imagination	2018	['Art & Art History']	www.jstor.org/stable/10.2307/26808673
The Computer as the Artist's Alter Ego	1990	['Art & Art History']	www.jstor.org/stable/10.2307/1578466
The Conceptual Framework of My Computer-Assisted Drawings: Reflections on Physics, Buddhism and Transactional Psychology	1992	['Art & Art History']	www.jstor.org/stable/10.2307/1575699
The Contribution of Desmond Paul Henry (1921–2004) to Twentieth-Century Computer Art	2018	['Art & Art History']	www.jstor.org/stable/10.2307/26808573
The Digital Computer as an Instrument of Musical Creation: 1957-1997	1999	['Art & Art History']	www.jstor.org/stable/10.2307/1576726
The Electronic Computer and Problems of Musical Education	1991	['Art & Art History']	www.jstor.org/stable/10.2307/1575601
The Electronic Computer and Problems of Musical Science	1991	['Art & Art History']	www.jstor.org/stable/10.2307/1575600
The Howard Wise Gallery Show Computer-Generated Pictures (1965) A 50th-Anniversary Memoir	2016	['Art & Art History']	www.jstor.org/stable/10.2307/43834354
The Immediacy of the Artist's Mark in Shape Computation	2010	['Art & Art History']	www.jstor.org/stable/10.2307/40864127
The Leonardo Paradox: Imagining the Ultimately Creative Computer	1990	['Art & Art History']	www.jstor.org/stable/10.2307/1575346
The Natural Flow of Perspective: Reformulating Perspective Projection for Computer Animation	1990	['Art & Art History']	www.jstor.org/stable/10.2307/1575343
The Origins of Computer Graphics in the Czech and Slovak Republics	1994	['Art & Art History']	www.jstor.org/stable/10.2307/1575949
The Rainbow Technique: An Innovative Approach to the Artistic Presentation of 3D Computed Tomography	2006	['Art & Art History']	www.jstor.org/stable/10.2307/20206176
The Seven Valleys: Capturing the Numinous in a 3D Computer Game Engine	2008	['Art & Art History']	www.jstor.org/stable/10.2307/20206538
The Split-Brain Human Computer User Interface	2002	['Art & Art History']	www.jstor.org/stable/10.2307/1577125
The Work of Italian Artist Pietro Grossi: From Early Electronic Music to Computer Art	1995	['Art & Art History']	www.jstor.org/stable/10.2307/1576152
Thinking of Oneself as a Computer	1991	['Art & Art History']	www.jstor.org/stable/10.2307/1575666
True 3D Computer Modeling: Sculpture of Numerical Abstraction	1992	['Art & Art History']	www.jstor.org/stable/10.2307/1575851
UNIMAS c.r.e.a.t.e.s (Universiti Malaysia Sarawak Computer-Related Experiments in Art and Technology Studio)	1998	['Art & Art History']	www.jstor.org/stable/10.2307/1576579
Using the Supercomputer to Visualize Higher Dimensions: An Artist's Contribution to Scientific Visualization	2008	['Art & Art History']	www.jstor.org/stable/10.2307/20206634
Viewer into Player: Notes on the Interactive Computer Art Installations at the 1988 SIGGRAPH Exhibition of Computer Art	1990	['Art & Art History']	www.jstor.org/stable/10.2307/1578480
Virtual Cairo: An Urban Historian's View of Computer Simulation	1999	['Art & Art History']	www.jstor.org/stable/10.2307/1576690
Vladimir Bonačić: Computer-Generated Works Made within Zagreb's New Tendencies Network (1961-1973)	2008	['Art & Art History']	www.jstor.org/stable/10.2307/20206560
Waldemar Cordeiro: Computer Art Pioneer	1997	['Art & Art History']	www.jstor.org/stable/10.2307/1576372
Wearable Forest Clothing System: Beyond Human-Computer Interaction	2009	['Art & Art History']	www.jstor.org/stable/10.2307/40539964
"""Merapi"": A Composition for Gamelan and Computer-Generated Tape"	1996	['Music']	www.jstor.org/stable/10.2307/1513298
A COMPUTATIONAL SYSTEM FOR VIOLIN	2019	['Music']	www.jstor.org/stable/10.2307/27242619
A Personal Approach to Contemporary Jazz: Works for Saxophone and Computer-Controlled Electronics	1996	['Music']	www.jstor.org/stable/10.2307/1513299
A Personal Reminiscence on the Roots of Computer Network Music	2017	['Music']	www.jstor.org/stable/10.2307/26779260
Application of Musical Computing to Creating a Dynamic Reconfigurable Multilayered Chamber Orchestra Composition	2019	['Music']	www.jstor.org/stable/10.2307/27242621
Automated Composition from Computer Models of Biological Behavior	1996	['Music']	www.jstor.org/stable/10.2307/1513301
Beyond Babble: A Text-Generation Method and Computer Program for Composing Text, Music and Poetry	2005	['Music']	www.jstor.org/stable/10.2307/4540570
Book Review :          The Sonic CD-ROM for Desktop Audio Production: An Electronic Guide to Producing Computer Audio for Multimedia                    Durand R.           Begault	1998	['Music']	www.jstor.org/stable/10.2307/1513404
Composing with Melomics: Delving into the Computational World for Musical Inspiration	2011	['Music']	www.jstor.org/stable/10.2307/41416815
"Computer-Assisted Composition and Performance: The Creation of ""A Noite, Porém, Rangeu E Quebrou"""	1992	['Music']	www.jstor.org/stable/10.2307/1513208
Computers as Musical Instruments? From Computermusic I 〈Exploded View〉 to Bandoneonbook	2007	['Music']	www.jstor.org/stable/10.2307/4540632
"Computers, Composition and the Challenge of ""New Music"" in Modern India"	1994	['Music']	www.jstor.org/stable/10.2307/1513184
DIY Electronics: Revealing the Material Systems of Computation	2015	['Music']	www.jstor.org/stable/10.2307/43832529
Human Bodies, Computer Music	2002	['Music']	www.jstor.org/stable/10.2307/1513343
IEEE Computer Society: Task Force on Computer-Generated Music	1993	['Music']	www.jstor.org/stable/10.2307/1513277
On Improvised Music, Computational Creativity and Human-Becoming	2017	['Music']	www.jstor.org/stable/10.2307/26779244
Paradigms and Computer Music	1992	['Music']	www.jstor.org/stable/10.2307/1513212
Some Principles of Visual Design for Computer Music	2016	['Music']	www.jstor.org/stable/10.2307/26779205
The Aesthetics and History of the Hub: The Effects of Changing Technology on Network Computer Music	1998	['Music']	www.jstor.org/stable/10.2307/1513398
The Brazilian Group for Computer Music Research: A Proto-History	2000	['Music']	www.jstor.org/stable/10.2307/1513371
The History of Electronic and Computer Music in Japan: Significant Composers and Their Works	1994	['Music']	www.jstor.org/stable/10.2307/1513190
"Too Many Notes: Computers, Complexity and Culture in ""Voyager"""	2000	['Music']	www.jstor.org/stable/10.2307/1513376
Toward the Integrated Support of Computer Graphics and Computer Music Creativity	1996	['Music']	www.jstor.org/stable/10.2307/1513333
Computer Graphics as Allegorical Knowledge: Electronic Imagery in the Sciences	1990	['Art & Art History']	www.jstor.org/stable/10.2307/1557896
Computer Graphics: Effects of Origins	1990	['Art & Art History']	www.jstor.org/stable/10.2307/1557890
FROM FULL-TEXT DATABASE TO ELECTRONIC LEXICON AND BEYOND: THE ROLE OF COMPUTERS IN THE DICTIONARY OF CELTIC LATIN PROJECT	2008	['Language & Literature', 'Classical Studies']	www.jstor.org/stable/10.2307/23468581
A MINIMAL LOGICAL SYSTEM FOR COMPUTABLE CONCEPTS AND EFFECTIVE KNOW ABILITY — SOME CORRECTIONS	1996	['Philosophy']	www.jstor.org/stable/10.2307/44084579
A MINIMAL LOGICAL SYSTEM FOR COMPUTABLE CONCEPTS AND EFFECTIVE KNOWABILITY	1994	['Philosophy']	www.jstor.org/stable/10.2307/44084400
DATA, SIGNALS AND INFORMATION IN DIGITAL COMPUTATION	2018	['Philosophy']	www.jstor.org/stable/10.2307/26767872
PREDICATION AND COMPUTABLE CONCEPTS	2016	['Philosophy']	www.jstor.org/stable/10.2307/26767821
Book Review :          Shakespeare, Computers, and the Mystery of Authorship                    Hugh           Craig                             Arthur F.           Kinney	2011	['Language & Literature']	www.jstor.org/stable/10.2307/24322785
COEL and the Computer: Towards a Prosopographical Key to Anglo-norman Documents, 1066-1166	1996	['Language & Literature', 'History']	www.jstor.org/stable/10.2307/44946219
Forenames in Thirteenth- and Fourteenth-Century Yorkshire: A Study Based on a Biographical Database Generated by Computer	1999	['Language & Literature', 'History']	www.jstor.org/stable/10.2307/44946883
Book Review :          A Guidebook for the Jerusalem Pilgrimage in the Late Middle Ages: A Case for Computer-Aided Textual Criticism, Middeleeuwse Studies en Bronnen 40                    Josephie           Brefeld	1996	['Language & Literature']	www.jstor.org/stable/10.2307/43629862
Book Review :          The AB Dialect: A Computer Concordance                    George           Hastings	1999	['Language & Literature']	www.jstor.org/stable/10.2307/43630145
Book Review :          History and Computing II                    P.           Denley                             S.           Fogelvik                             C.           Harvey	1990	['Religion']	www.jstor.org/stable/10.2307/23555638
Computing Religion: A New Tool in the Multilevel Analysis of Religion	2012	['Religion']	www.jstor.org/stable/10.2307/23555745
Book Review : Style, Computers, and Early Modern Drama: Beyond Authorship	2019	['Language & Literature']	www.jstor.org/stable/10.2307/26859935
A Computational Cognitive Model for the Analysis and Generation of Voice Leadings	2020	['Music']	www.jstor.org/stable/10.2307/48714189
Book Review :              Current Directions in Computer Music Research                             Max V.                Mathews                                          John                Pierce	1990	['Music']	www.jstor.org/stable/10.2307/40285488
Book Review :              Melodic Similarity: Concepts, Procedures, and Applications (Computing in Musicology 11)                             Walter B.                Hewlett                                          Eleanor                Selfridge-Field	1999	['Music']	www.jstor.org/stable/10.2307/40285895
Book Review :              Music, Mind and Machine: Studies in Computer Music, Music Cognition and Artificial Intelligence                             Peter                Desain                                          Henkjan                Honing	1995	['Music']	www.jstor.org/stable/10.2307/40286189
Computational Modeling of Music Cognition: Problem or Solution?	1998	['Music']	www.jstor.org/stable/10.2307/40285783
Emotions Perceived and Emotions Experienced in Response to Computer-Generated Music	2016	['Music']	www.jstor.org/stable/10.2307/26417429
Further Perceptual Evaluations of Pulse Microstructure in Computer Performances of Classical Piano Music	1990	['Music']	www.jstor.org/stable/10.2307/40285483
Melodic Expectation in Finnish Spiritual Folk Hymns: Convergence of Statistical, Behavioral, and Computational Approaches	1999	['Music']	www.jstor.org/stable/10.2307/40285890
Timbre Similarity: Convergence of Neural, Behavioral, and Computational Approaches	1998	['Music']	www.jstor.org/stable/10.2307/40285788
Computational Media and the Core Concepts of Narrative Theory	2019	['Language & Literature']	www.jstor.org/stable/10.2307/26787964
Book Review :          The Computer Developed Linguistic Atlas of England I                    Wolfgang           Viereck                             Heinrich           Ramisch	1993	['Language & Literature']	www.jstor.org/stable/10.2307/43345958
Comment: The Computer Revolution	1995	['Religion']	www.jstor.org/stable/10.2307/43249777
Computer Poetry: An Act of Disinterested Communication	1992	['Language & Literature']	www.jstor.org/stable/10.2307/469245
Friending the Past: The Sense of History and Social Computing	2011	['Language & Literature']	www.jstor.org/stable/10.2307/23012552
Naturalism and Narrative, or, What Computers and Human Beings Can't Do	2006	['Language & Literature']	www.jstor.org/stable/10.2307/20057973
Novel Devotions: Conversional Reading, Computational Modeling, and the Modern Novel	2015	['Language & Literature']	www.jstor.org/stable/10.2307/24542659
Toward a Computational Archaeology of Fictional Space	2018	['Language & Literature']	www.jstor.org/stable/10.2307/48558386
Computer-assisted Scholarly Editing of Manuscript Sources	2014	['Art & Art History']	www.jstor.org/stable/10.2307/j.ctt12877w9.9
Book Review :          Themefinder         Center for Computer Assisted Research in the Humanities	2010	['Music']	www.jstor.org/stable/10.2307/40539528
Book Review :          COMPUTERS IN SWEDISH SOCIETY: DOCUMENTING EARLY USE AND TRENDS                    Per           Lundin	2014	['History']	www.jstor.org/stable/10.2307/24343442
Cunningham, Collage, and the Computer	1999	['Art & Art History', 'Performing Arts', 'Film Studies']	www.jstor.org/stable/10.2307/3245965
Live from Cyberspace: Or, I Was Sitting at My Computer This Guy Appeared He Thought I Was a Bot	2002	['Art & Art History', 'Performing Arts', 'Film Studies']	www.jstor.org/stable/10.2307/3246456
The Dancer and the Computer, Part Two	2018	['Art & Art History', 'Performing Arts', 'Film Studies']	www.jstor.org/stable/10.2307/26502664
A Computational Model for Rule-Based Microtonal Music Theories and Composition	2010	['Music']	www.jstor.org/stable/10.2307/23076966
Computer Analysis and Composition Using Atonal Voice-Leading Techniques	2002	['Music']	www.jstor.org/stable/10.2307/833550
Extending Contacts: The Concept of Unity in Computer Music	1998	['Music']	www.jstor.org/stable/10.2307/833581
On Different Approaches to Computer Music as Different Models of Compositional Design	1995	['Music']	www.jstor.org/stable/10.2307/833711
Processing Musical Abstraction: Remarks on LISP, the NeXT, and the Future of Musical Computing	1990	['Music']	www.jstor.org/stable/10.2307/833350
The 1989 International Computer Music Conference: An Overview of the Concerts	1990	['Music']	www.jstor.org/stable/10.2307/833358
The 1990 International Computer Music Conference, Glasgow	1991	['Music']	www.jstor.org/stable/10.2307/833083
The 1991 International Computer Music Conference: The Music in Montréal	1992	['Music']	www.jstor.org/stable/10.2307/833307
A vehicular theory of corporeal qualia (a gift to computationalists)	2011	['Philosophy']	www.jstor.org/stable/10.2307/41487581
Computation without Representation	2008	['Philosophy']	www.jstor.org/stable/10.2307/40208827
Computation, Content and Cause	1996	['Philosophy']	www.jstor.org/stable/10.2307/4320674
Computationalism and the Causal Role of Content	1994	['Philosophy']	www.jstor.org/stable/10.2307/4320517
Is Computer Simulation Changing the Face of Experimentation?	2009	['Philosophy']	www.jstor.org/stable/10.2307/27734388
Models, Measurement and Computer Simulation: The Changing Face of Experimentation	2009	['Philosophy']	www.jstor.org/stable/10.2307/27734387
Philosophical and Computational Models of Explanation	1991	['Philosophy']	www.jstor.org/stable/10.2307/4320247
Philosophy and Computational Neuroanatomy	1994	['Philosophy']	www.jstor.org/stable/10.2307/4320464
The Computational Theory of Mind and the Decomposition of Actions	2008	['Philosophy']	www.jstor.org/stable/10.2307/43154741
Computers, Mathematics Education, and the Alternative Epistemology of the Calculus in the Yuktibhāṣā	2001	['Religion', 'Philosophy']	www.jstor.org/stable/10.2307/1399846
Review Essay: From Cognitive Science to Folk Psychology: Computation, Mental Representation, and Belief	1992	['Philosophy']	www.jstor.org/stable/10.2307/2107950
The Causal Relevance of Content to Computation	2014	['Philosophy']	www.jstor.org/stable/10.2307/24673003
The Mind as Neural Software? Understanding Functionalism, Computationalism, and Computational Functionalism	2010	['Philosophy']	www.jstor.org/stable/10.2307/20779564
The Zombie Attack on the Computational Conception of Mind	1999	['Philosophy']	www.jstor.org/stable/10.2307/2653457
The Computation of Bodily, Embodied, and Virtual Reality	2020	['Philosophy']	www.jstor.org/stable/10.2307/27197238
Between Cinema and Computer	2007	['Film Studies']	www.jstor.org/stable/10.2307/j.ctt46mxps.9
Stacks, Frames and Boundaries, or Narrative as Computer Language	1990	['Language & Literature']	www.jstor.org/stable/10.2307/1773081
'Over to You': Can Europe Restrain Microsoft's Threat to Freedom of Musical Expression in Computer-Mediated Communication?	2004	['Music']	www.jstor.org/stable/10.2307/3877626
Is the Brain a Digital Computer?	1990	['Philosophy']	www.jstor.org/stable/10.2307/3130074
Computer Modeling the Twentieth- and Twenty-First-Century Climate	2006	['History']	www.jstor.org/stable/10.2307/4599005
Doctors, Patients, and Computers: Will Information Technology Dehumanize Health-Care Delivery?	1993	['History']	www.jstor.org/stable/10.2307/986999
The Jayne Lecture. Computers at the University of Pennsylvania's Moore School, 1943-1946	1992	['History']	www.jstor.org/stable/10.2307/986799
Against Chierchia's Computational Account of Scalar Implicatures	2008	['Philosophy']	www.jstor.org/stable/10.2307/20619392
Computationalism and the Kripke-Wittgenstein Paradox	1996	['Philosophy']	www.jstor.org/stable/10.2307/4545235
Guidelines for Evaluating Computer-Related Work in the Modern Languages	1996	['Language & Literature']	www.jstor.org/stable/10.2307/25595595
Literary Literacy; Or, the Cook, the Cop, the Nurse, the Computer Scientist, and Me	1996	['Language & Literature']	www.jstor.org/stable/10.2307/25595588
"The Electronic Landscape of Journal Editing: ""Computers and Composition""               as a Scholarly Collective"	2009	['Language & Literature']	www.jstor.org/stable/10.2307/25595927
Book Review : Language and Chronology: Text Dating by Machine Learning. Language and Computers: Studies in Digital Linguistics 84	2021	['History', 'Art & Art History', 'Language & Literature']	www.jstor.org/stable/10.2307/48746174
Book Review : Measured Words: Computation and Writing in Renaissance Italy	2019	['History', 'Art & Art History', 'Language & Literature']	www.jstor.org/stable/10.2307/26845812
Book Review : Style, Computers, and Early Modern Drama: Beyond Authorship	2019	['History', 'Art & Art History', 'Language & Literature']	www.jstor.org/stable/10.2307/26846010
Book Review : Digging into Early Colonial Mexico: A Large-Scale Computational Analysis of Historical Sources from the Sixteenth Century. Other	2021	['Language & Literature']	www.jstor.org/stable/10.2307/27109042
Book Review : Measured Words: Computation and Writing in Renaissance Italy	2018	['Language & Literature']	www.jstor.org/stable/10.2307/26604147
Book Review : Reconstructing the Rose: 3D Computer Modelling Philip Henslowe's Playhouse. Other	2020	['Language & Literature']	www.jstor.org/stable/10.2307/26977548
Vera Molnar’s Computer Paintings	2020	['Language & Literature']	www.jstor.org/stable/10.2307/26908911
POSSIBILITIES FOR THE COORDINATION OF COMPUTERIZED PROJECTS TO CATALOGUE AND INVENTORIZE PLAINCHANT MANUSCRIPTS	1993	['Music']	www.jstor.org/stable/10.2307/20795934
Book Review : WHAT ALGORITHMS WANT: IMAGINATION IN THE AGE OF COMPUTING	2017	['Film Studies']	www.jstor.org/stable/10.2307/26532134
"NEWFANGLED COMPUTERS AND OLD-FASHIONED ROMANTIC COMEDY: ""YOU'VE GOT MAIL'S"" FUTURISTIC NOSTALGIA"	2010	['Film Studies']	www.jstor.org/stable/10.2307/24411768
Book Review :          Foundations of Computational Linguistics: Human-Computer Communication in Natural Language (2nd edition, revised and extended)                    Roland           Hausser	2002	['Philosophy']	www.jstor.org/stable/10.2307/23955565
Book Review :          Literacy and Computers: The Complications of Teaching and Learning with Technology                    Cynthia L.           Selfe                             Susan           Hilligoss	1995	['Language & Literature']	www.jstor.org/stable/10.2307/1348003
OBJECTIONS TO COMPUTATIONALISM	2018	['Philosophy', 'History']	www.jstor.org/stable/10.2307/26499041
Computers and Text Editing: A Review of Tools, an Introduction to UNITE and Some Observations Concerning its Application to Old Spanish Texts	1991	['Language & Literature']	www.jstor.org/stable/10.2307/44943525
The Aesthetic of the Computer	1994	['Language & Literature']	www.jstor.org/stable/10.2307/40548739
Thinking about Computer Culture	1998	['Language & Literature']	www.jstor.org/stable/10.2307/40549320
<em>Moonbit</em>: Poetry from Apollo 11’s Computer Code	2019	['Language & Literature']	www.jstor.org/stable/10.5621/sciefictstud.46.3.0674
A Maze of Twisty Little Passages, All Alike: Aesthetics and Teleology in Interactive Computer Fictional Environments	1993	['Language & Literature']	www.jstor.org/stable/10.2307/4240214
Book Review : The Computer's Voice: From Star Trek to Siri	2021	['Language & Literature']	www.jstor.org/stable/10.5621/sciefictstud.48.3.0577
Computing Utopia: The Horizons of Computational Economies in History and Science Fiction	2019	['Language & Literature']	www.jstor.org/stable/10.5621/sciefictstud.46.3.0471
Final Frontiers: Computer-Generated Imagery and the Science Fiction Film	2006	['Language & Literature']	www.jstor.org/stable/10.2307/4241410
Generic Computations	2009	['Language & Literature']	www.jstor.org/stable/10.2307/25475215
Ding Xilin's Chinese Translation of <em>The Man of Destiny</em>: Reading Shaw through IBM Artificial Intelligence and Cloud Computing Platform	2021	['Language & Literature']	www.jstor.org/stable/10.5325/shaw.41.1.0151
Wedding the Technologies of Writing Portfolios and Computers	1997	['Language & Literature']	www.jstor.org/stable/10.2307/j.ctt46nxw3.23
TERMITE COMPUTERS: Entropy Is What You Don't Know	2007	['Religion']	www.jstor.org/stable/10.2307/41179194
"BOTTICELLI'S ""MADONNA DEL MAGNIFICAT AS A SPECULUM SINE MACULA"": A COMPUTER-GRAPHIC AND ICONOGRAPHIC ANALYSIS"	2004	['Art & Art History']	www.jstor.org/stable/10.2307/23206848
Humanities Computing and Digital Humanities	2008	['Language & Literature']	www.jstor.org/stable/10.2307/27784811
Preconvention Computer Fair Schedule	1994	['Language & Literature']	www.jstor.org/stable/10.2307/3201063
Book Review :          <italic>The Body in Flonnery O'Connor's Fiction: Computational Technique and Linguistic Voice</italic>                    Donald E.           Hardy	2010	['Language & Literature']	www.jstor.org/stable/10.2307/40645944
Book Review :          Scholarly Editing in the Computer Age: Theory and Practice	1999	['Language & Literature']	www.jstor.org/stable/10.2307/3190085
"""Ffor as moche as yche man may not haue Þe astrolabe"": Popular Middle English Variations on the Computus"	1992	['History', 'Language & Literature', 'Art & Art History']	www.jstor.org/stable/10.2307/2863658
Book Review :          Abbon de Fleury: Philosophie, science et comput autour de l'an mil                    Barbara           Obrist	2006	['History', 'Language & Literature', 'Art & Art History']	www.jstor.org/stable/10.2307/20463784
Book Review :          Der Computus Gerlandi: Edition, Übersetzung und Erläuterungen. (Sudhoffs Archiv 61.)                    Alfred           Lohr	2017	['History', 'Language & Literature', 'Art & Art History']	www.jstor.org/stable/10.2307/26340233
Book Review :          The Use of Computers in Catalging Medieval and Renaissance Manuscripts                    Menso           Folkerts                                          Andreas             Kühne	1993	['History', 'Language & Literature', 'Art & Art History']	www.jstor.org/stable/10.2307/2865534
Book Review : Language and Chronology: Text Dating by Machine Learning. (Language and Computers 84.)	2021	['History', 'Language & Literature', 'Art & Art History']	www.jstor.org/stable/10.2307/27292830
Book Review : Opera de computo saeculi duodecimi, (Corpus Christianorum, Continuatio Mediaevalis 272.)	2017	['History', 'Language & Literature', 'Art & Art History']	www.jstor.org/stable/10.2307/26583679
Computer Aided Transcription of Folk Music	1999	['Music']	www.jstor.org/stable/10.2307/902558
Computer Applications in the Field of Dance Notation	1998	['Music']	www.jstor.org/stable/10.2307/902546
Computerized Sound Microscopy. Application of Sound Microscopy: Comparison of Notation by Ear and Sound-Microscopic Analysis Data on a Folk Fiddle Music Example	1995	['Music']	www.jstor.org/stable/10.2307/902398
"WHAT A MEDIEVAL DIAGRAM SHOWS: A CASE STUDY OF ""COMPUTUS"""	2015	['Art & Art History']	www.jstor.org/stable/10.2307/44735517
THE KRAKEN IN THE COMPUTER	2005	['Language & Literature']	www.jstor.org/stable/10.2307/29533667
Book Review :          Writing Space: The Computer, Hypertext, and the History of Writing                    Jay David           Bolter	1995	['Language & Literature']	www.jstor.org/stable/10.2307/42946284
The Imagery of a Myth: Computer-Assisted Research on Literature	1995	['Language & Literature']	www.jstor.org/stable/10.2307/42946307
"""Games of Perfect Information"": Computers and the Metanarratives of Emancipation and Progress"	1996	['Language & Literature']	www.jstor.org/stable/10.2307/3685227
Book Review :          Forms and Meanings: Texts, Performances, and Audiences from Codex to Computer                    Roger           Chartier                             Lydia G.           Cochrane                             Milad           Doueihi                             David D.           Hall	1997	['Language & Literature']	www.jstor.org/stable/10.2307/3684838
"Close Reading with Computers: Genre Signals, Parts of Speech, and David Mitchell's ""Cloud Atlas"""	2017	['Language & Literature']	www.jstor.org/stable/10.2307/26451329
Computhors and Biterature: Machine-Written Fiction?	1993	['Language & Literature']	www.jstor.org/stable/10.2307/3684732
Book Review :          Computers as Theatre                    Brenda           Laurel	1993	['Performing Arts']	www.jstor.org/stable/10.2307/1146303
Dance, Cellular Motion, and Computer Analysis: An Interview with David Soll	1990	['Performing Arts']	www.jstor.org/stable/10.2307/1146043
Book Review :          Technology, Innovation, and Southern Industrialization: From the Antebellum Era to the Computer Age                    Susanna           Delfino                             Michele           Gillespie	2009	['History']	www.jstor.org/stable/10.2307/42628116
"""Bits of Information and Tender Feeling"": Gertrude Stein and Computer-Generated Prose"	1993	['Language & Literature']	www.jstor.org/stable/10.2307/40755008
Austen and Computation 2.0	2019	['Language & Literature']	www.jstor.org/stable/10.2307/26841958
The Substantial Words Are in the Ground and Sea: Computationally Linking Text and Geography	2012	['Language & Literature']	www.jstor.org/stable/10.2307/41679907
COMPUTERS CLEARED	2009	['Language & Literature']	www.jstor.org/stable/10.2307/41222045
Exhortation: The Terminator Comes to Wall Street: How computer modeling worsened the financial crisis and what we ought to do about it	2009	['Language & Literature']	www.jstor.org/stable/10.2307/41222016
THE COMPUTABLE COSMOS OF DAVID DEUTSCH	2000	['Language & Literature']	www.jstor.org/stable/10.2307/41213089
The Computable Cosmos of David Deutsch	2000	['Language & Literature']	www.jstor.org/stable/10.2307/41213035
The Software Wars: Why you can't understand your computer	2005	['Language & Literature']	www.jstor.org/stable/10.2307/41221376
http://www.when_is_enough_enough?.com: Putting Microcomputers in Their Place	1999	['Language & Literature']	www.jstor.org/stable/10.2307/41212833
Blame the Computer	2018	['Language & Literature']	www.jstor.org/stable/10.2307/26406440
OPINION: Spokeshaves, spanners and computers: arts and industry	2000	['Art & Art History']	www.jstor.org/stable/10.2307/41614972
Book Review :          A Comprehensive Bilingual Concordance of the Hebrew and Greek Texts of Ecclesiastes. Edited on the basis of a computer program by Galen Marquis (SBLSCS 36)                    JOHN           JARICK	1995	['Religion']	www.jstor.org/stable/10.2307/43722347
Book Review :          A Functional Discourse Grammar of Joshua: A Computer-Assisted Rhetorical Structure Analysis (ConBOT 40)                    NICOLAI           WINTHER-NIELSEN	1996	['Religion']	www.jstor.org/stable/10.2307/43722820
"Book Review :          Grammatica Digitalis I: The Morphological Code in the ""Werkgroep Informatica"" Computer Text of the Hebrew Bible (Applicatio 11)                    ADRIAN J. C.           VERHEIJ"	1995	['Religion']	www.jstor.org/stable/10.2307/43722528
The Information Highway: Computer Networking for Choral Musicians	1994	['Music']	www.jstor.org/stable/10.2307/23550038
Book Review :          Accessing Antiquity: The Computerization of Classical Studies                    JON           SOLOMON	1995	['Classical Studies']	www.jstor.org/stable/10.2307/43937719
Catullus and the Computer: A Collaborative Student Project	2000	['Classical Studies']	www.jstor.org/stable/10.2307/43938385
Teaching Materials and Resource Center: CLOSEOUT SALE — SOFTWARE FOR APPLE COMPUTERS	1997	['Classical Studies']	www.jstor.org/stable/10.2307/43937964
REASSESSING THE APULEIAN CORPUS: A COMPUTATIONAL APPROACH TO AUTHENTICITY	2016	['Classical Studies']	www.jstor.org/stable/10.2307/26292373
Computerizing Pompeii	1993	['Classical Studies']	www.jstor.org/stable/10.2307/710682
Computers and the Classics	2009	['Classical Studies']	www.jstor.org/stable/10.2307/20482768
A New Model for Computerized Instruction in Classical Civilization	2002	['Classical Studies']	www.jstor.org/stable/10.2307/4352649
Some Remarks on Education and Computer Technology	1998	['Classical Studies']	www.jstor.org/stable/10.2307/4352156
Intellectual History and the Computational Turn	2017	['History', 'Language & Literature']	www.jstor.org/stable/10.2307/90010498
Computations	2020	['Art & Art History']	www.jstor.org/stable/10.2307/jj.2353928.9
An Investigation of a Baroque Musette Bourdon Using Micro-Computed Tomography	2018	['Music']	www.jstor.org/stable/10.2307/45200927
Computed Tomography of a Heinrich Grenser Bassoon	2010	['Music']	www.jstor.org/stable/10.2307/20753666
Book Review :          Rebels Against the Future: The Luddites and Their War on the Industrial Revolution— Lessons for the Computer Age                    Kirkpatrick           Sale	1997	['Language & Literature']	www.jstor.org/stable/10.2307/41401017
The computer screen, day or night	2009	['Language & Literature']	www.jstor.org/stable/10.2307/20722050
Book Review :          A People's History of Computing in the United States                    Joy Lisi           Rankin	2019	['History']	www.jstor.org/stable/10.2307/45217503
Book Review :              Scholarly Editing in the Computer Age: Theory and Practice                            Peter L.               Shillingsburg	1991	['Language & Literature']	www.jstor.org/stable/10.2307/27710575
Book Review :          A Historian's Guide to Computing                    Daniel I.           Greenstein	1996	['History']	www.jstor.org/stable/10.2307/206482
Book Review :          Computing for Historians: An Introductory Guide                    Evan           Mawdsley                             Thomas           Munck	1996	['History']	www.jstor.org/stable/10.2307/206039
Centurions in the Roman Legion: Computer Simulation and Complex Systems	2015	['History']	www.jstor.org/stable/10.2307/43829751
Book Review : The Munich Computus: Text and Translation. Irish Computistics between Isidore of Seville and the Venerable Bede and its Reception in Carolingian Times	2012	['Language & Literature']	www.jstor.org/stable/10.2307/45019722
Computational Cut-Ups: The Influence of Dada	2017	['Language & Literature']	www.jstor.org/stable/10.5325/jmodeperistud.8.2.0179
MEASUREMENT-THEORETIC REPRESENTATION AND COMPUTATION-THEORETIC REALIZATION	2010	['Philosophy']	www.jstor.org/stable/10.2307/25764451
The Causal History of Computational Activity: Maudlin and Olympia	1991	['Philosophy']	www.jstor.org/stable/10.2307/2026687
What Might Cognition Be, If Not Computation?	1995	['Philosophy']	www.jstor.org/stable/10.2307/2941061
Book Review : eGods: Faith versus Fantasy in Computer Gaming	2016	['Religion']	www.jstor.org/stable/10.2307/26543473
Book Review :          METHODS IN LATIN COMPUTATIONAL LINGUISTICS (Brill's Studies in Historical Linguistics 1)                    B.           MCGILLIVRAY	2015	['Classical Studies', 'Archaeology']	www.jstor.org/stable/10.2307/26346966
The Computer and the Historia Augusta: A Note on Marriott	1990	['Classical Studies', 'Archaeology']	www.jstor.org/stable/10.2307/300286
Book Review :          Psychology and Nihilism: A Genealogical Critique of the Computational Model of Mind                    Fred J.           Evans	1996	['Philosophy']	www.jstor.org/stable/10.2307/25670182
"""Among the Greatest Benefactors of Mankind"": What the Success of Chalkboards Tells Us about the Future of Computers in the Classroom"	2000	['Language & Literature']	www.jstor.org/stable/10.2307/1315198
Computers and the Future of the Humanities: A Brief Introduction	2000	['Language & Literature']	www.jstor.org/stable/10.2307/1315197
Virtual Arenas: Students' Computer Interactions Shape Their Perceptions of Themselves as Writers	2000	['Language & Literature']	www.jstor.org/stable/10.2307/1315201
A Tech's Ode to the Genome Computer	2006	['Language & Literature']	www.jstor.org/stable/10.2307/4338849
Report from Computerville: Virtual Walkabouts and Master Narratives	2011	['Language & Literature']	www.jstor.org/stable/10.2307/41104259
from Soviet Computer	2011	['Language & Literature']	www.jstor.org/stable/10.2307/23210100
"Andrew Marvell and the ""Painter Satires"": A Computational Approach to Their Authorship"	2005	['Language & Literature']	www.jstor.org/stable/10.2307/3737597
Calvino and the Computer as Writer/Reader	1995	['Language & Literature']	www.jstor.org/stable/10.2307/3733252
"Counting Syllables in the ""Divine Comedy"": A Computer Analysis"	1999	['Language & Literature']	www.jstor.org/stable/10.2307/3736000
Book Review :          Computers, Visualization, and History: How New Technology Will Transform Our Understanding of the Past                    David J.           Staley	2004	['Film Studies']	www.jstor.org/stable/10.2307/41167178
Sound Investments. Patricia Howard Reviews the Uses of Computers in Harmony Teaching, plus a Round-up of Educational Materials	1994	['Music']	www.jstor.org/stable/10.2307/1003269
Spider-Smear across My Computer Screen	2005	['Language & Literature']	www.jstor.org/stable/10.2307/25127442
Impacting Persons through Shifts from Face-to-face to Computer Interactions	1999	['Philosophy']	www.jstor.org/stable/10.2307/20708827
Book Review :          A Neurocomputational Perspective: The Nature of Mind and the Structure of Science                    Paul M.           Churchland	1992	['Philosophy']	www.jstor.org/stable/10.2307/2185955
Book Review :          Symbols, Computation, and Intentionality: A Critique of the Computational Theory of Mind                    Steven W.           Horst	1998	['Philosophy']	www.jstor.org/stable/10.2307/2998320
Book Review : Physical Computation: A Mechanistic Account	2018	['Philosophy']	www.jstor.org/stable/10.2307/27131005
Computation and Content	1995	['Philosophy']	www.jstor.org/stable/10.2307/2185977
Book Review :          Off the Shelf and On-Line: Computers Move the Book Arts into 21st-Century Design         MINNESOTA CENTER FOR BOOK ARTS	1993	['Art & Art History']	www.jstor.org/stable/10.2307/24554787
Book Review : A History of Modern Computing	1999	['History', 'Museum Studies']	www.jstor.org/stable/10.2307/3379487
Book Review : Computers Take Flight: A History of NASA's Pioneering Digital Fly-by-Wire Project	2000	['History', 'Museum Studies']	www.jstor.org/stable/10.2307/3379251
Book Review : Landmarks in Digital Computing: A Smithsonian Pictorial History	1996	['History', 'Museum Studies']	www.jstor.org/stable/10.2307/3377903
When Cultures Collide: Computer Technology and the Cultural Resources Professional	1991	['History', 'Museum Studies']	www.jstor.org/stable/10.2307/3378552
Book Review :              Conceptual Atomism and the Computational Theory of Mind                            John-Michael               Kuczynzki	2008	['Philosophy']	www.jstor.org/stable/10.2307/20131072
Book Review :              Psychology and Nihilism. A Genealogical Critique of the Computational Model of Mind                            Fred J.               Evans	1995	['Philosophy']	www.jstor.org/stable/10.2307/20129773
Book Review :              Symbols, Computation, and Intentionality: A Critique of the Computational Theory of Mind                            Steven W.               Horst	1999	['Philosophy']	www.jstor.org/stable/10.2307/20131267
Book Review :          Explaining the Computational Mind                    Marcin           MILKOWSKI	2013	['Philosophy']	www.jstor.org/stable/10.2307/23597991
Book Review :              History and Computing III: Historians, Computers and Data: Applications in Research and Teaching                            Evan               Mawdsley                                         Nicholas               Morgan                                         Lesley               Richmond                                         Richard               Trainor	1992	['History']	www.jstor.org/stable/10.2307/25530545
Book Review :          Shakespeare, Computers, and the Mystery of Authorship                    Hugh           Craig                             Arthur F.           Kinney	2011	['History']	www.jstor.org/stable/10.2307/23076821
Tabla Drumming and the Human-Computer Interaction	1992	['Music']	www.jstor.org/stable/10.2307/43563265
Representing and Interpreting Literature by Computer	1995	['Language & Literature']	www.jstor.org/stable/10.2307/3508827
The Discourse of Computer-Supported Media: Reading and Writing on Usenet	1995	['Language & Literature']	www.jstor.org/stable/10.2307/3508828
Theater as Data: Computational Journeys into Theater Research	2021	['Performing Arts']	www.jstor.org/stable/10.3998/mpub.11667458
Computer Modeling as a Tool for the Reconstruction of Historic Theatrical Production Techniques	1999	['Performing Arts']	www.jstor.org/stable/10.2307/25068709
Book Review :          A Triadic Theory of Elementary Particle Interactions and Quantum Computation                    Ralph G.           Beil                             Kenneth L.           Ketner	2008	['Philosophy']	www.jstor.org/stable/10.2307/40321266
Book Review :          Forms of Concrescence: Alfred North Whitehead's Philosophy and Computer Programming Structures                    Granville C.           Henry	1994	['Philosophy']	www.jstor.org/stable/10.2307/40320497
The Gene, the Computer, and Information Processing in A. R. Ammons	1990	['Language & Literature']	www.jstor.org/stable/10.2307/441624
Ultima and Worldbuilding in the Computer Role-Playing Game	2024	['Cultural Studies']	www.jstor.org/stable/10.3998/mpub.14371469
Book Review :          Electric Dreams: Computers in American Culture                    Ted           Friedman	2007	['Philosophy']	www.jstor.org/stable/10.2307/20719868
Borges and the Aesthetics of Computation	2023	['Language & Literature']	www.jstor.org/stable/10.2307/27305845
Book Review :          Genesis. An Authorship Study in Computer-Assisted Statistical Linguistics                    Y. T.           Radday                             H.           Shore	1992	['Religion']	www.jstor.org/stable/10.2307/1519137
Book Review : Computer Assisted Research on the Bible in the 21st Century. Bible in Technology 5	2013	['Religion']	www.jstor.org/stable/10.2307/23496480
Computer-Assisted Analysis of Parallel Texts in the Bible. The Case of 2 Kings XVIII-XIX and Its Parallels in Isaiah and Chronicles	2007	['Religion']	www.jstor.org/stable/10.2307/20504121
Computer and Homily: Accessing the Everyday Life of Early Christians	1993	['Religion']	www.jstor.org/stable/10.2307/1583807
Continental Realism and Computation	2014	['Philosophy']	www.jstor.org/stable/10.2307/jj.2353876.4
The Folklore Macroscope: Challenges for a Computational Folkloristics	2013	['Folklore']	www.jstor.org/stable/10.2307/24550905
Computers and Writing Centers	1998	['Language & Literature']	www.jstor.org/stable/10.2307/j.ctt46nzf8.18
Computers in the Writing Center	1998	['Language & Literature']	www.jstor.org/stable/10.2307/j.ctt46nzf8.16
Dance Notation and Computers	1991	['Music']	www.jstor.org/stable/10.2307/768399
Personal Computers and Dance Ethnology Research	1991	['Music']	www.jstor.org/stable/10.2307/768400
The Computer as a Tool in Dance Research	1991	['Music']	www.jstor.org/stable/10.2307/768401
Bridging Art History, Computer Science and Cognitive Science: A Call for Interdisciplinary Collaboration	2016	['Art & Art History']	www.jstor.org/stable/10.2307/45213542
“We Need Radical Gameplay, Not Just Radical Graphics”: Towards a Contemporary Minor Practice in Computer Gaming	2009	['Language & Literature']	www.jstor.org/stable/10.5250/symploke.17.1-2.0163
